
{
  "com.badlogic.gdx.graphics.g2d.BitmapFont": {
    "default-font": { "file": "default.fnt" }
  },
  "com.badlogic.gdx.scenes.scene2d.ui.Label$LabelStyle": {
    "default": { "font": "default-font", "fontColor": "white" }
  },
  "com.badlogic.gdx.scenes.scene2d.ui.TextButton$TextButtonStyle": {
    "default": {
      "up": "default-round",
      "down": "default-round-down",
      "font": "default-font"
    }
  },
  "com.badlogic.gdx.scenes.scene2d.ui.TextField$TextFieldStyle": {
    "default": {
      "font": "default-font",
      "fontColor": "white",
      "cursor": "default-round",
      "selection": "default-round-down",
      "background": "default-round"
    }
  },
  "com.badlogic.gdx.scenes.scene2d.ui.CheckBox$CheckBoxStyle": {
    "default": {
      "checkboxOn": "default-round",
      "checkboxOff": "default-round-down",
      "font": "default-font",
      "fontColor": "white"
    }
  }
}
